<?xml version="1.0" encoding="ISO-8859-1"?> 
<patch>
	<atutor_patch_id>disclaimer_supplement</atutor_patch_id>
	<applied_version>2.0</applied_version>
	<description>This patch is solely a supplementary for &quot;Disclaimer&quot; module to function properly.</description>
	<dependent_patches>

	</dependent_patches>

	<sql>

	</sql>

	<files>
		<file>
			<action>overwrite</action>
			<name>login.php</name>
			<location></location>

		</file>

		<file>
			<action>alter</action>
			<name>vitals.inc.php</name>
			<location>include/</location>
			<action_detail>
				<type>replace</type>
				<code_from>	//hack for Terms and Conditions module.  Will need a better way to handle this module without adding this to the vitals. 
	if($_config[&#039;enable_terms_and_conditions&#039;]==1){
		header(&#039;Location: &#039;.AT_BASE_HREF.&#039;mods/terms_and_conditions/terms_and_conditions.php&#039;);
		exit;
	}

</code_from>
				<code_to></code_to>
			</action_detail>


		</file>

		<file>
			<action>overwrite</action>
			<name>registration.php</name>
			<location></location>

		</file>

		<file>
			<action>alter</action>
			<name>registration.tmpl.php</name>
			<location>themes/default/</location>
			<action_detail>
				<type>replace</type>
				<code_from>&lt;input name=&quot;ml&quot; type=&quot;hidden&quot; value=&quot;&lt;?php echo $this-&gt;ml; ?&gt;&quot; /&gt;
</code_from>
				<code_to>&lt;?php if ($this-&gt;agreed_disclaimer) {?&gt;
&lt;input name=&quot;agreed_disclaimer&quot; type=&quot;hidden&quot; value=&quot;1&quot; /&gt;
&lt;?php }?&gt;
&lt;input name=&quot;ml&quot; type=&quot;hidden&quot; value=&quot;&lt;?php echo $this-&gt;ml; ?&gt;&quot; /&gt;
</code_to>
			</action_detail>


		</file>


	</files>
</patch>