<?xml version="1.1" ?>
<mosinstall type="component">
  <name>ATutor</name>
  <creationDate>01.03.2005</creationDate>
  <author>Cas Nuy</author>
  <copyright>(C) Copyright 2005 by cas Nuy. Released under the GNU/GPL License.</copyright>
  <authorEmail>cas@nuy.info</authorEmail>
  <authorUrl>www.nuy.info</authorUrl>
  <version>1.0</version>
  <description>This is a bridge between Mambo and ATutor.  It opens ATutor on a Mambo-powered site.  It shares membership across the two platforms as well.</description>
  <files>
    <filename>atutor.php</filename>
  </files>
  <install>
    <queries>
      <query> INSERT INTO #__menu (menutype,name,link,type,published,parent,componentid,sublevel,ordering,checked_out,checked_out_time,pollid,browserNav,access,utaccess) VALUES ("mainmenu", "atutor", "index.php?option=com_atutor", "components", 1, 0, 19, 0, 8, 0, "0000-00-00 00:00:00", 0, 0, 0, 3)
      </query>
</queries>
  </install>
  <uninstall>
      <queries>
        <query>DELETE FROM #__menu WHERE link="index.php?option=com_atutor"
        </query>
      </queries>
  </uninstall>
    <installfile>install.atutor.php</installfile>
    <uninstallfile>uninstall.atutor.php</uninstallfile>
  <administration>
    <menu>atutor</menu>
    <submenu>
      <menu task="config">Edit Config</menu>
    </submenu>
    <files>
      <filename>install.atutor.php</filename>
      <filename>admin.atutor.php</filename>
      <filename>config.atutor.php</filename>
      <filename>toolbar.atutor.php</filename>
      <filename>toolbar.atutor.html.php</filename>
      <filename>uninstall.atutor.php</filename>
    </files>
</administration>
</mosinstall>
